sim_time_s,configuration,condition,run_id,mode,brightness,rgb_quality,thermal_quality,rgb_valid_fraction,thermal_valid_fraction,selected_valid_fraction,selector_processing_ms,active_cloud_messages,active_points,voxel_count,visible_voxel_count,distance_m,planner_failures,plans_succeeded,goals_reached,mode_switches,elapsed_s,robot_x,robot_y,distance_to_start,mission_phase
6523.911000,LIDAR_ONLY,MIXED,run01,UNKNOWN,0.13093769550323486,0.3595861494541168,nan,nan,nan,nan,nan,0,0,0,0,0.006684857032881716,0,0,0,0,1.066,0.002155641093850136,-0.00021723544341512024,0.00045215146727920494,EXPLORING
6524.911000,LIDAR_ONLY,MIXED,run01,LIDAR_ONLY,0.13094069063663483,0.3595852851867676,0.24237141013145447,0.24382446706295013,0.24237141013145447,0.0,0.9851080179214478,2,6882,1842,706,0.010587381103794277,0,1,0,0,2.066,0.002359964419156313,-0.00020205200416967273,0.0002511648661886348,EXPLORING
6525.911000,LIDAR_ONLY,MIXED,run01,LIDAR_ONLY,0.1324412077665329,0.3598571717739105,0.2425915151834488,0.24404415488243103,0.2425915151834488,0.0,1.0809630155563354,5,17207,2445,918,0.17468767792672568,0,2,0,0,3.066,0.1446082442998886,-0.05124051123857498,0.1509324869177037,EXPLORING
6526.911000,LIDAR_ONLY,MIXED,run01,LIDAR_ONLY,0.1358989179134369,0.3611223101615906,0.24502341449260712,0.24648712575435638,0.24502341449260712,0.0,1.0521800518035889,8,27507,2499,960,0.5958546031789647,0,2,0,0,4.066,0.501797616481781,-0.16946643590927124,0.5271431063128121,EXPLORING
6527.911000,LIDAR_ONLY,MIXED,run01,LIDAR_ONLY,0.13199394941329956,0.3578657805919647,0.2409394085407257,0.2441287338733673,0.2409394085407257,0.0,0.9769290089607239,11,37952,4353,1230,0.9649104062419779,0,3,0,0,5.066,0.8022687435150146,-0.33974599838256836,0.8688046250590424,EXPLORING
6528.911000,LIDAR_ONLY,MIXED,run01,LIDAR_ONLY,0.13368268311023712,0.3591471016407013,0.2387244999408722,0.24073542654514313,0.2387244999408722,0.0,0.8382019996643066,13,44889,5069,1462,1.3562673714124291,0,5,0,0,6.066,1.134910225868225,-0.45018357038497925,1.218479162631999,EXPLORING
6529.911000,LIDAR_ONLY,MIXED,run01,LIDAR_ONLY,0.13183121383190155,0.3538512587547302,0.24269859492778778,0.24445094168186188,0.24269859492778778,0.0,1.768211007118225,17,58509,5681,1587,1.7492733251087091,0,7,0,0,7.066,1.439082384109497,-0.6196735501289368,1.5643970871597377,EXPLORING
6530.911000,LIDAR_ONLY,MIXED,run01,LIDAR_ONLY,0.12168212980031967,0.347155898809433,0.23941227793693542,0.24200518429279327,0.23941227793693542,0.0,2.7517030239105225,20,68874,6219,1668,2.090876443540199,0,8,0,0,8.066,1.6785560846328735,-0.8129481077194214,1.8626674945100516,EXPLORING
6531.913000,LIDAR_ONLY,MIXED,run01,LIDAR_ONLY,0.13559231162071228,0.3572899401187897,0.23860052227973938,0.23974762856960297,0.23860052227973938,0.0,5.454809188842773,23,79105,6516,1741,2.435218265629739,0,10,0,0,9.068,1.9830069541931152,-0.8907803297042847,2.171474475638669,EXPLORING
6532.911000,LIDAR_ONLY,MIXED,run01,LIDAR_ONLY,0.13090035319328308,0.3516928553581238,0.2501508891582489,0.251659631729126,0.2501508891582489,0.0,1.5536409616470337,26,89376,6709,1792,2.8409086677357145,0,12,0,0,10.066,2.335283041000366,-0.9336731433868408,2.5125580060105883,EXPLORING
6533.911000,LIDAR_ONLY,MIXED,run01,LIDAR_ONLY,0.12831316888332367,0.3541294038295746,0.236249640583992,0.23681960999965668,0.236249640583992,0.0,0.5733820199966431,29,99898,7024,1862,3.2815187219954165,0,13,0,0,11.066,2.5851597785949707,-0.9950124025344849,2.767569987599742,EXPLORING
6534.911000,LIDAR_ONLY,MIXED,run01,LIDAR_ONLY,0.12144611030817032,0.34943878650665283,0.24192164838314056,0.24449528753757477,0.24192164838314056,0.0,0.5121369957923889,32,110412,7285,1917,3.5522400445321316,0,14,0,0,12.066,2.7291152477264404,-0.9865694046020508,2.8994803689257376,EXPLORING
6535.911000,LIDAR_ONLY,MIXED,run01,LIDAR_ONLY,0.12019940465688705,0.34922099113464355,0.2379862666130066,0.2359839826822281,0.2379862666130066,0.0,0.9419959783554077,35,120956,7463,1940,3.8516718641486256,0,16,0,0,13.066,2.912789821624756,-1.0148189067840576,3.082018563501463,EXPLORING
6536.911000,LIDAR_ONLY,MIXED,run01,LIDAR_ONLY,0.12626159191131592,0.3510226905345917,0.23094046115875244,0.23205342888832092,0.23094046115875244,0.0,1.6342300176620483,36,124550,7668,2041,4.231913849378323,0,18,0,0,14.066,3.1849942207336426,-0.9996747970581055,3.3356804610405932,EXPLORING
6537.911000,LIDAR_ONLY,MIXED,run01,LIDAR_ONLY,0.11803429573774338,0.3446120321750641,0.23169368505477905,0.2333706021308899,0.23169368505477905,0.0,0.5951189994812012,38,131731,7906,2062,4.633303701221174,0,20,0,0,15.066,3.5054986476898193,-1.1214392185211182,3.677999360068598,EXPLORING
6538.911000,LIDAR_ONLY,MIXED,run01,LIDAR_ONLY,0.12893588840961456,0.35313597321510315,0.23486341536045074,0.23514503240585327,0.23486341536045074,0.0,0.7623860239982605,41,142557,8143,2084,4.91425315383814,0,22,0,0,16.066,3.7345261573791504,-1.1706756353378296,3.911201656257909,EXPLORING
6539.916000,LIDAR_ONLY,MIXED,run01,LIDAR_ONLY,0.1250423789024353,0.3493252694606781,0.23465096950531006,0.2349313199520111,0.23465096950531006,0.0,1.8752150535583496,44,153245,8275,2121,5.294525449119575,0,23,0,0,17.071,4.0767669677734375,-1.1269750595092773,4.227134471308814,EXPLORING
6540.911000,LIDAR_ONLY,MIXED,run01,LIDAR_ONLY,0.11993050575256348,0.34231847524642944,0.2313266396522522,0.2332775890827179,0.2313266396522522,0.0,1.2898930311203003,47,163908,8475,2133,5.679785482653712,0,25,0,0,18.066,4.408725738525391,-1.2313978672027588,4.574933712249695,EXPLORING
6541.912000,LIDAR_ONLY,MIXED,run01,LIDAR_ONLY,0.12068674713373184,0.34309691190719604,0.23371222615242004,0.2334349900484085,0.23371222615242004,0.0,1.1595120429992676,50,174772,8698,2180,6.085602656019984,0,27,0,0,19.067,4.720742702484131,-1.401309847831726,4.921812172433889,EXPLORING
6542.911000,LIDAR_ONLY,MIXED,run01,LIDAR_ONLY,0.11488166451454163,0.33982279896736145,0.23294508457183838,0.23239046335220337,0.23294508457183838,0.0,0.5497519969940186,54,189198,8917,2230,6.457521292166695,0,28,0,0,20.066,5.0504279136657715,-1.4183133840560913,5.243269272112876,EXPLORING
6543.912000,LIDAR_ONLY,MIXED,run01,LIDAR_ONLY,0.11128238588571548,0.3338814079761505,0.22763776779174805,0.2292993664741516,0.22763776779174805,0.0,0.7780529856681824,57,200043,9024,2244,6.821142003732193,0,30,0,0,21.067,4.94111967086792,-1.4366695880889893,5.143217298176317,EXPLORING
6544.911000,LIDAR_ONLY,MIXED,run01,LIDAR_ONLY,0.11166704446077347,0.33349311351776123,0.22560307383537292,0.2277960479259491,0.22560307383537292,0.0,0.807112991809845,59,207267,9107,2258,7.206731859589109,0,32,0,0,22.066,5.009064674377441,-1.599501609802246,5.255734367831148,EXPLORING
6545.911000,LIDAR_ONLY,MIXED,run01,LIDAR_ONLY,0.11327376216650009,0.3349386751651764,0.22802720963954926,0.22993196547031403,0.22802720963954926,0.0,1.817702054977417,61,214562,9196,2265,7.555180010215825,0,34,0,0,23.066,5.084444522857666,-1.7288051843643188,5.36782363981837,EXPLORING
6546.911000,LIDAR_ONLY,MIXED,run01,LIDAR_ONLY,0.1162496954202652,0.33738386631011963,0.22394557297229767,0.22693876922130585,0.22394557297229767,0.0,1.1172399520874023,63,221949,9398,2300,7.876970870114781,0,34,0,0,24.066,5.167614936828613,-1.867746353149414,5.492307593239535,EXPLORING
6547.911000,LIDAR_ONLY,MIXED,run01,LIDAR_ONLY,0.12613371014595032,0.34620174765586853,0.2231653928756714,0.22480832040309906,0.2231653928756714,0.0,1.0340059995651245,65,229229,9577,2401,8.141323272982724,0,36,0,0,25.066,5.313777446746826,-1.9938265085220337,5.673051019646123,EXPLORING
6548.911000,LIDAR_ONLY,MIXED,run01,LIDAR_ONLY,0.12736180424690247,0.3490329086780548,0.21954484283924103,0.2240963876247406,0.21954484283924103,0.0,0.8293780088424683,68,240424,9867,2423,8.45533666876984,0,38,0,0,26.066,5.616256237030029,-1.949454426765442,5.94248089163079,EXPLORING
6549.913000,LIDAR_ONLY,MIXED,run01,LIDAR_ONLY,0.1268133521080017,0.3474813401699066,0.2197297364473343,0.2243243306875229,0.2197297364473343,0.0,0.9411550164222717,70,247800,9926,2444,8.846571203797884,0,40,0,0,27.068,5.946295261383057,-1.8504786491394043,6.225060671769,EXPLORING
6550.912000,LIDAR_ONLY,MIXED,run01,LIDAR_ONLY,0.11606191098690033,0.3378404974937439,0.22467923164367676,0.22495222091674805,0.22467923164367676,0.0,1.2191359996795654,72,255132,9944,2446,9.199052314813759,0,41,0,0,28.067,6.261837005615234,-1.950129508972168,6.555961178509821,EXPLORING
6551.916000,LIDAR_ONLY,MIXED,run01,LIDAR_ONLY,0.12317990511655807,0.34172940254211426,0.22903050482273102,0.22930283844470978,0.22903050482273102,0.0,0.6796770095825195,74,262472,9999,2454,9.563064008327716,0,42,0,0,29.071,6.592467308044434,-2.0721514225006104,6.907945397075267,EXPLORING
6552.911000,LIDAR_ONLY,MIXED,run01,LIDAR_ONLY,0.12095662206411362,0.3394395709037781,0.22641004621982574,0.22587543725967407,0.22641004621982574,0.0,0.9855999946594238,76,269913,10100,2486,9.958622902758874,0,44,0,0,30.066,6.92909574508667,-2.1621923446655273,7.256097202544418,EXPLORING
6553.911000,LIDAR_ONLY,MIXED,run01,LIDAR_ONLY,0.12419837713241577,0.3406817317008972,0.22718708217144012,0.22691790759563446,0.22718708217144012,0.0,0.8514540195465088,78,277313,10155,2502,10.367540395573386,0,46,0,0,31.066,7.251657009124756,-2.3296093940734863,7.614157678173828,EXPLORING
6554.912000,LIDAR_ONLY,MIXED,run01,LIDAR_ONLY,0.11892083287239075,0.3386596739292145,0.2265223264694214,0.22733423113822937,0.2265223264694214,0.0,0.7136459946632385,81,288435,10312,2541,10.775269076768684,0,47,0,0,32.067,7.606914520263672,-2.3247642517089844,7.951705549554728,EXPLORING
6555.911000,LIDAR_ONLY,MIXED,run01,LIDAR_ONLY,0.12187110632658005,0.3366744816303253,0.22807016968727112,0.22807016968727112,0.22807016968727112,0.0,0.5100709795951843,84,299541,10396,2569,11.042927632561108,0,49,0,0,33.066,7.816359519958496,-2.4708290100097656,8.19507738537081,EXPLORING
6556.911000,LIDAR_ONLY,MIXED,run01,LIDAR_ONLY,0.11202826350927353,0.32960525155067444,0.2267708033323288,0.2267708033323288,0.2267708033323288,0.0,3.8117809295654297,87,310674,10542,2599,11.419954752232522,0,51,0,0,34.066,7.949839115142822,-2.7551028728485107,8.41121834815718,EXPLORING
6557.911000,LIDAR_ONLY,MIXED,run01,LIDAR_ONLY,0.11958029121160507,0.33423516154289246,0.22174496948719025,0.2246979922056198,0.22174496948719025,0.0,0.6612529754638672,93,333001,10827,2659,11.781511639948446,0,53,0,0,35.066,8.229241371154785,-2.9526312351226807,8.740423723756619,EXPLORING
6558.911000,LIDAR_ONLY,MIXED,run01,LIDAR_ONLY,0.1204327866435051,0.3325580954551697,0.2165861576795578,0.21873322129249573,0.2165861576795578,0.0,0.9663680195808411,96,344212,11003,2705,12.124127197018218,0,55,0,0,36.066,8.468085289001465,-3.132774829864502,9.026517895460032,EXPLORING
6559.911000,LIDAR_ONLY,MIXED,run01,LIDAR_ONLY,0.11156261712312698,0.32650256156921387,0.22174611687660217,0.22335296869277954,0.22174611687660217,0.0,0.9861109852790833,99,355412,11142,2738,12.605086363520522,0,57,0,0,37.066,8.701375007629395,-3.4941625595092773,9.374277576305182,EXPLORING
6560.911000,LIDAR_ONLY,MIXED,run01,LIDAR_ONLY,0.11801908165216446,0.330520361661911,0.2256944477558136,0.22542734444141388,0.2256944477558136,0.0,6.132782936096191,102,366632,11247,2750,12.954002672223925,0,58,0,0,38.066,8.870726585388184,-3.7347002029418945,9.622412379438055,EXPLORING
6561.911000,LIDAR_ONLY,MIXED,run01,LIDAR_ONLY,0.10617189854383469,0.32493534684181213,0.22168803215026855,0.2211538404226303,0.22168803215026855,0.0,1.8151530027389526,104,374119,11318,2783,13.41834154090198,0,59,0,0,39.066,9.191903114318848,-3.9611687660217285,10.006660934168915,EXPLORING
6562.911000,LIDAR_ONLY,MIXED,run01,LIDAR_ONLY,0.10399870574474335,0.3223002254962921,0.2202666699886322,0.2253333330154419,0.2202666699886322,0.0,1.8143190145492554,107,385361,11421,2799,13.653429918748351,0,61,0,0,40.066,9.289033889770508,-4.15023946762085,10.171598250655885,EXPLORING
6563.913000,LIDAR_ONLY,MIXED,run01,LIDAR_ONLY,0.10710670799016953,0.321109414100647,0.22041577100753784,0.22148187458515167,0.22041577100753784,0.0,0.9648039937019348,109,392873,11491,2815,14.054146386260477,0,63,0,0,41.068,9.366806983947754,-4.499413967132568,10.389036762076275,EXPLORING
6564.911000,LIDAR_ONLY,MIXED,run01,LIDAR_ONLY,0.09944992512464523,0.3201548755168915,0.22260546684265137,0.22446271777153015,0.22260546684265137,0.0,1.0666199922561646,111,400405,11597,2832,14.351424834195155,0,64,0,0,42.066,9.441514015197754,-4.727099418640137,10.556396134598383,EXPLORING
6565.913000,LIDAR_ONLY,MIXED,run01,LIDAR_ONLY,0.11798862367868423,0.33631452918052673,0.21993127465248108,0.21966692805290222,0.21993127465248108,0.0,7.589033126831055,113,407970,11725,2859,14.827100375454476,0,66,0,0,43.068,9.467313766479492,-4.741641044616699,10.585976375607617,EXPLORING
6566.911000,LIDAR_ONLY,MIXED,run01,LIDAR_ONLY,0.12107349187135696,0.34295403957366943,0.21443679928779602,0.21734532713890076,0.21443679928779602,0.0,0.686909019947052,115,415528,11780,2886,15.210634887837266,0,68,0,0,44.066,9.711856842041016,-4.662839412689209,10.770825845006335,EXPLORING
6567.912000,LIDAR_ONLY,MIXED,run01,LIDAR_ONLY,0.1201610341668129,0.3378259837627411,0.215022474527359,0.21793176233768463,0.215022474527359,0.0,1.972390055656433,117,423091,11889,2915,15.517568521890853,0,70,0,0,45.067,9.721332550048828,-4.693124294281006,10.792502974039357,EXPLORING
6568.912000,LIDAR_ONLY,MIXED,run01,LIDAR_ONLY,0.10851811617612839,0.33058586716651917,0.22272008657455444,0.22403796017169952,0.22272008657455444,0.0,0.7752779722213745,119,430671,12114,2958,15.765961840537368,0,72,0,0,46.067,9.679215431213379,-4.732268810272217,10.77173092655741,EXPLORING
6569.915000,LIDAR_ONLY,MIXED,run01,LIDAR_ONLY,0.11413200199604034,0.3317767083644867,0.22128333151340485,0.22128333151340485,0.22128333151340485,0.0,0.8447110056877136,122,442028,12456,2986,16.08617628431938,0,73,0,0,47.070,9.746679306030273,-4.713162899017334,10.824043784338263,EXPLORING
6570.913000,LIDAR_ONLY,MIXED,run01,LIDAR_ONLY,0.1256714016199112,0.33961960673332214,0.22113606333732605,0.22140026092529297,0.22113606333732605,0.0,1.5444250106811523,124,449598,12630,3047,16.393245577828278,0,74,0,0,48.068,9.905875205993652,-4.944335460662842,11.068884168583555,EXPLORING
6571.914000,LIDAR_ONLY,MIXED,run01,LIDAR_ONLY,0.12639544904232025,0.34374913573265076,0.22046414017677307,0.22125527262687683,0.22046414017677307,0.0,1.384335994720459,127,460970,12709,3070,16.820303786932428,0,76,0,0,49.069,10.146256446838379,-5.218523025512695,11.407259473528857,EXPLORING
6572.912000,LIDAR_ONLY,MIXED,run01,LIDAR_ONLY,0.12151984125375748,0.3428453505039215,0.2208508402109146,0.22058823704719543,0.2208508402109146,0.0,0.6856440305709839,129,468568,12995,3136,17.16272717935343,0,78,0,0,50.067,10.382460594177246,-5.423656940460205,11.711376230514928,EXPLORING
6573.911000,LIDAR_ONLY,MIXED,run01,LIDAR_ONLY,0.11514929682016373,0.33845463395118713,0.21799947321414948,0.21958300471305847,0.21799947321414948,0.0,1.531967043876648,132,479931,13217,3186,17.543534851965884,0,80,0,0,51.066,10.553824424743652,-5.7137627601623535,11.998921885744458,EXPLORING
6574.913000,LIDAR_ONLY,MIXED,run01,LIDAR_ONLY,0.1096702292561531,0.33075419068336487,0.21765480935573578,0.22134387493133545,0.21765480935573578,0.0,0.6570969820022583,134,487517,13255,3192,17.835287339760423,0,82,0,0,52.068,10.591936111450195,-5.98709774017334,12.164621593949612,EXPLORING
6575.911000,LIDAR_ONLY,MIXED,run01,LIDAR_ONLY,0.11905182898044586,0.3374199867248535,0.2208782583475113,0.22035235166549683,0.2208782583475113,0.0,0.7141600251197815,137,498916,13336,3200,18.257129502989933,0,84,0,0,53.066,10.580076217651367,-6.339205265045166,12.331548264229749,EXPLORING
6576.911000,LIDAR_ONLY,MIXED,run01,LIDAR_ONLY,0.11237621307373047,0.3300526440143585,0.2166491597890854,0.21822479367256165,0.2166491597890854,0.0,0.8050770163536072,139,506535,13417,3214,18.672634025153815,0,84,0,0,54.066,10.637863159179688,-6.665703296661377,12.551450181386748,EXPLORING
6577.911000,LIDAR_ONLY,MIXED,run01,LIDAR_ONLY,0.09149713814258575,0.3126065731048584,0.21456538140773773,0.2218741774559021,0.21456538140773773,0.0,0.7585980296134949,146,533283,13664,3259,19.012866899409516,0,86,0,0,55.066,10.549503326416016,-6.887627601623535,12.596626897085049,EXPLORING
6578.911000,LIDAR_ONLY,MIXED,run01,LIDAR_ONLY,0.10959242284297943,0.3309589922428131,0.21130797266960144,0.21495570242404938,0.21130797266960144,0.0,0.7810680270195007,148,540958,13703,3267,19.23528814064271,0,86,0,0,56.066,10.54627799987793,-7.04583215713501,12.681138920828412,EXPLORING
6579.911000,LIDAR_ONLY,MIXED,run01,LIDAR_ONLY,0.12418577820062637,0.3408906161785126,0.2109375,0.21536459028720856,0.2109375,0.0,0.8436179757118225,151,552478,13792,3270,19.495566533618554,0,87,0,0,57.066,10.704864501953125,-7.207643985748291,12.902982118164747,EXPLORING
6580.912000,LIDAR_ONLY,MIXED,run01,LIDAR_ONLY,0.12187590450048447,0.3370783030986786,0.21197916567325592,0.21562500298023224,0.21197916567325592,0.0,0.5610979795455933,155,567838,13877,3275,19.84008444720267,0,87,0,0,58.067,10.820608139038086,-7.515331268310547,13.172235266887045,EXPLORING
6581.911000,LIDAR_ONLY,MIXED,run01,LIDAR_ONLY,0.13378866016864777,0.34471410512924194,0.21458333730697632,0.21718749403953552,0.21458333730697632,0.0,0.7736589908599854,157,575518,13910,3280,20.281141262912545,0,88,0,0,59.066,10.946504592895508,-7.868611812591553,13.478957455241721,EXPLORING
6582.911000,LIDAR_ONLY,MIXED,run01,LIDAR_ONLY,0.11696982383728027,0.33514755964279175,0.21718749403953552,0.21640625596046448,0.21718749403953552,0.0,1.1879910230636597,160,587038,13973,3296,20.71763349715094,0,90,0,0,60.066,11.11544132232666,-8.182376861572266,13.800168630538094,EXPLORING
6583.911000,LIDAR_ONLY,MIXED,run01,LIDAR_ONLY,0.1085449755191803,0.3282235264778137,0.21640625596046448,0.21848958730697632,0.21640625596046448,0.0,0.7489179968833923,163,598558,14029,3308,21.119524622778975,0,91,0,0,61.066,11.170175552368164,-8.53046989440918,14.052818177838429,EXPLORING
6584.911000,LIDAR_ONLY,MIXED,run01,LIDAR_ONLY,0.11871127784252167,0.3373164236545563,0.21458333730697632,0.21510416269302368,0.21458333730697632,0.0,0.7035750150680542,166,610078,14133,3338,21.53731789973307,0,93,0,0,62.066,11.26810359954834,-8.870158195495605,14.338383310465195,EXPLORING
6585.911000,LIDAR_ONLY,MIXED,run01,LIDAR_ONLY,0.1321031004190445,0.34597307443618774,0.21640625596046448,0.21770833432674408,0.21640625596046448,0.0,1.1357550621032715,168,617758,14196,3367,21.84118770967279,0,95,0,0,63.066,11.464855194091797,-8.987424850463867,14.565542594285978,EXPLORING
6586.911000,LIDAR_ONLY,MIXED,run01,LIDAR_ONLY,0.11481447517871857,0.33463913202285767,0.21796874701976776,0.2174479216337204,0.21796874701976776,0.0,0.6332190036773682,169,621598,14233,3378,22.05138367599814,0,97,0,0,64.066,11.527653694152832,-9.077751159667969,14.670730695934225,EXPLORING
6587.912000,LIDAR_ONLY,MIXED,run01,LIDAR_ONLY,0.08149435371160507,0.30451369285583496,0.21692708134651184,0.2174479216337204,0.21692708134651184,0.0,1.004341959953308,171,629278,14307,3392,22.216496403983392,0,99,0,0,65.067,11.458447456359863,-9.021949768066406,14.58183602289316,EXPLORING
6588.914000,LIDAR_ONLY,MIXED,run01,LIDAR_ONLY,0.08447706699371338,0.307322233915329,0.21822915971279144,0.21822915971279144,0.21822915971279144,0.0,0.9456560015678406,172,633118,14307,3409,22.438993482977793,0,100,0,0,66.069,11.45396614074707,-9.127460479736328,14.643845786253442,EXPLORING
6589.911000,LIDAR_ONLY,MIXED,run01,LIDAR_ONLY,0.07292632758617401,0.2912193834781647,0.21875,0.21822915971279144,0.21875,0.0,0.9248369932174683,174,640798,14405,3452,22.865906356979472,0,101,0,0,67.066,11.415417671203613,-9.151750564575195,14.628904186385887,EXPLORING
6590.913000,LIDAR_ONLY,MIXED,run01,LIDAR_ONLY,0.10484909266233444,0.32650208473205566,0.21041665971279144,0.21250000596046448,0.21041665971279144,0.0,0.7234619855880737,176,648478,14471,3463,23.09784433730443,0,103,0,0,68.068,11.462651252746582,-9.287365913391113,14.750789824750306,EXPLORING
6591.914000,LIDAR_ONLY,MIXED,run01,LIDAR_ONLY,0.11396856606006622,0.3343110680580139,0.21015624701976776,0.21510416269302368,0.21015624701976776,0.0,0.8209369778633118,178,656158,14540,3472,23.454795454712727,0,105,0,0,69.069,11.5687837600708,-9.544695854187012,14.995853602945063,EXPLORING
6592.911000,LIDAR_ONLY,MIXED,run01,LIDAR_ONLY,0.11773109436035156,0.33698880672454834,0.22838541865348816,0.23359374701976776,0.22838541865348816,0.0,1.0825409889221191,180,663838,14601,3482,23.762011186666445,0,107,0,0,70.066,11.682727813720703,-9.725894927978516,15.199216264092662,EXPLORING
6593.911000,LIDAR_ONLY,MIXED,run01,LIDAR_ONLY,0.10612807422876358,0.32785388827323914,0.20624999701976776,0.20729166269302368,0.20624999701976776,0.0,1.0130430459976196,182,671518,14725,3485,24.060510327297305,0,109,0,0,71.066,11.717204093933105,-9.917414665222168,15.348771107791181,EXPLORING
6594.912000,LIDAR_ONLY,MIXED,run01,LIDAR_ONLY,0.0991935208439827,0.32202091813087463,0.21953125298023224,0.22083333134651184,0.21953125298023224,0.0,2.0041251182556152,185,683038,14795,3491,24.388241154885833,0,110,0,0,72.067,11.735167503356934,-10.014458656311035,15.425310733485082,EXPLORING
6595.912000,LIDAR_ONLY,MIXED,run01,LIDAR_ONLY,0.07681901007890701,0.29764917492866516,0.21328124403953552,0.21510416269302368,0.21328124403953552,0.0,1.4170490503311157,191,706078,14940,3516,24.708953094793973,0,112,0,0,73.067,11.69613265991211,-10.011025428771973,15.393408511743273,EXPLORING
6596.911000,LIDAR_ONLY,MIXED,run01,LIDAR_ONLY,0.10518380254507065,0.3266347646713257,0.2122395783662796,0.21510416269302368,0.2122395783662796,0.0,0.5984309911727905,194,717598,14991,3520,24.98328609977215,0,113,0,0,74.066,11.621930122375488,-10.127318382263184,15.413275816744306,EXPLORING
6597.911000,LIDAR_ONLY,MIXED,run01,LIDAR_ONLY,0.11455636471509933,0.3328199088573456,0.21067708730697632,0.21510416269302368,0.21067708730697632,0.0,1.0235910415649414,196,725278,15106,3528,25.314808817571876,0,115,0,0,75.066,11.66334056854248,-10.447509765625,15.656337895288031,EXPLORING
6598.911000,LIDAR_ONLY,MIXED,run01,LIDAR_ONLY,0.09846433997154236,0.3205399811267853,0.2109375,0.21510416269302368,0.2109375,0.0,0.8577989935874939,198,732958,15152,3535,25.71477973035531,0,116,0,0,76.066,11.612940788269043,-10.805991172790527,15.86086246873533,EXPLORING
6599.911000,LIDAR_ONLY,MIXED,run01,LIDAR_ONLY,0.11021120846271515,0.33023205399513245,0.2122395783662796,0.21380208432674408,0.2122395783662796,0.0,0.46099400520324707,200,740638,15174,3538,26.13020699582789,0,117,0,0,77.066,11.608051300048828,-11.1630220413208,16.102700885974283,EXPLORING
6600.913000,LIDAR_ONLY,MIXED,run01,LIDAR_ONLY,0.12808527052402496,0.33564087748527527,0.21276041865348816,0.21484375,0.21276041865348816,0.0,0.7089229822158813,203,752158,15205,3538,26.535435276103417,0,117,0,0,78.068,11.763437271118164,-11.390823364257812,16.372706307650255,EXPLORING
6601.913000,LIDAR_ONLY,MIXED,run01,LIDAR_ONLY,0.14850014448165894,0.34792083501815796,0.21015624701976776,0.20911458134651184,0.21015624701976776,0.0,1.036842942237854,207,767518,15229,3545,26.89257685353947,0,119,0,0,79.068,11.745284080505371,-11.21731948852539,16.23934385024656,EXPLORING
6602.911000,LIDAR_ONLY,MIXED,run01,LIDAR_ONLY,0.13688398897647858,0.3452603816986084,0.21328124403953552,0.21640625596046448,0.21328124403953552,0.0,0.6943349838256836,209,775198,15290,3546,27.0601046141074,0,120,0,0,80.066,11.649853706359863,-11.293309211730957,16.22327759622044,EXPLORING
6603.911000,LIDAR_ONLY,MIXED,run01,LIDAR_ONLY,0.1287882924079895,0.342597633600235,0.21640625596046448,0.21171875298023224,0.21640625596046448,0.0,0.6271049976348877,212,786718,15444,3580,27.406558851889258,0,122,0,0,81.066,11.734374046325684,-11.602056503295898,16.499683286706702,EXPLORING
6604.912000,LIDAR_ONLY,MIXED,run01,LIDAR_ONLY,0.11082503944635391,0.33111658692359924,0.21822915971279144,0.21536459028720856,0.21822915971279144,0.0,0.8613799810409546,215,798238,15522,3606,27.818462566110796,0,123,0,0,82.067,11.714792251586914,-11.877259254455566,16.680586930243493,EXPLORING
6605.911000,LIDAR_ONLY,MIXED,run01,LIDAR_ONLY,0.11437740176916122,0.33328333497047424,0.21718749403953552,0.2161458283662796,0.21718749403953552,0.0,1.2910759449005127,217,805918,15535,3606,28.11549353315381,0,124,0,0,83.066,11.613990783691406,-12.089333534240723,16.762266427320505,EXPLORING
6606.911000,LIDAR_ONLY,MIXED,run01,LIDAR_ONLY,0.12251553684473038,0.33831319212913513,0.22057291865348816,0.22083333134651184,0.22057291865348816,0.0,0.7107170224189758,219,813598,15552,3609,28.471980226041104,0,126,0,0,84.066,11.71127986907959,-12.414911270141602,17.06517869266495,EXPLORING
6607.912000,LIDAR_ONLY,MIXED,run01,LIDAR_ONLY,0.12845614552497864,0.3432086408138275,0.21328124403953552,0.21250000596046448,0.21328124403953552,0.0,0.9379810094833374,221,821278,15598,3609,28.834116618639968,0,127,0,0,85.067,11.871006965637207,-12.67388916015625,17.363283312771124,EXPLORING
6608.911000,LIDAR_ONLY,MIXED,run01,LIDAR_ONLY,0.11617637425661087,0.33722174167633057,0.2122395783662796,0.21380208432674408,0.2122395783662796,0.0,0.7012879848480225,223,828958,15642,3614,29.17307610151178,0,129,0,0,86.066,11.870272636413574,-13.000598907470703,17.602676077618266,EXPLORING
6609.911000,LIDAR_ONLY,MIXED,run01,LIDAR_ONLY,0.12371322512626648,0.34102755784988403,0.21666666865348816,0.2161458283662796,0.21666666865348816,0.0,0.7886160016059875,226,840478,15670,3617,29.603345692975232,0,130,0,0,87.066,11.823433876037598,-13.362907409667969,17.840860428667256,EXPLORING
6610.911000,LIDAR_ONLY,MIXED,run01,LIDAR_ONLY,0.12003112584352493,0.3396613299846649,0.21692708134651184,0.21171875298023224,0.21692708134651184,0.0,0.9183200001716614,228,848158,15681,3618,30.04240233538986,0,132,0,0,88.066,11.839520454406738,-13.725077629089355,18.12421718552613,EXPLORING
6611.911000,LIDAR_ONLY,MIXED,run01,LIDAR_ONLY,0.09251684695482254,0.31875309348106384,0.21380208432674408,0.21276041865348816,0.21380208432674408,0.0,0.6853399872779846,231,859678,15707,3621,30.34526811411702,0,133,0,0,89.066,11.732989311218262,-13.937152862548828,18.216558924138496,EXPLORING
6612.912000,LIDAR_ONLY,MIXED,run01,LIDAR_ONLY,0.10860934853553772,0.3324081301689148,0.21510416269302368,0.21380208432674408,0.21510416269302368,0.0,0.960552990436554,233,867358,15753,3627,30.572025179208094,0,135,0,0,90.067,11.643321990966797,-14.092498779296875,18.27844765157753,EXPLORING
6613.912000,LIDAR_ONLY,MIXED,run01,LIDAR_ONLY,0.12667278945446014,0.340834379196167,0.2135416716337204,0.21276041865348816,0.2135416716337204,0.0,1.4599969387054443,235,875038,15792,3628,30.88400912555623,0,136,0,0,91.067,11.709169387817383,-14.39263916015625,18.552317269458214,EXPLORING
6614.911000,LIDAR_ONLY,MIXED,run01,LIDAR_ONLY,0.12391932308673859,0.34149450063705444,0.21250000596046448,0.21380208432674408,0.21250000596046448,0.0,0.7380329966545105,239,890398,15896,3643,31.28130405212135,0,138,0,0,92.066,11.842360496520996,-14.67490291595459,18.855484218439788,EXPLORING
6615.913000,LIDAR_ONLY,MIXED,run01,LIDAR_ONLY,0.11341679841279984,0.33980807662010193,0.21848958730697632,0.21458333730697632,0.21848958730697632,0.0,0.6521859765052795,241,898078,15905,3643,31.557408063115265,0,140,0,0,93.068,11.877059936523438,-14.895963668823242,19.049647265441422,EXPLORING
6616.911000,LIDAR_ONLY,MIXED,run01,LIDAR_ONLY,0.11496775597333908,0.34128493070602417,0.21666666865348816,0.21380208432674408,0.21666666865348816,0.0,0.7090550065040588,242,901918,15947,3652,31.828040680791,0,142,0,0,94.066,11.885272979736328,-15.121064186096191,19.231249941167825,EXPLORING
6617.911000,LIDAR_ONLY,MIXED,run01,LIDAR_ONLY,0.10388703644275665,0.33170318603515625,0.21536459028720856,0.2135416716337204,0.21536459028720856,0.0,0.7311620116233826,245,913438,16008,3670,32.15141643111155,0,144,0,0,95.066,11.820015907287598,-15.426348686218262,19.43244592271116,EXPLORING
6618.911000,LIDAR_ONLY,MIXED,run01,LIDAR_ONLY,0.10960355401039124,0.33667147159576416,0.21536459028720856,0.21302083134651184,0.21536459028720856,0.0,1.4153800010681152,247,921118,16023,3678,32.56033217985472,0,145,0,0,96.066,11.668898582458496,-15.758330345153809,19.606728947617704,EXPLORING
6619.911000,LIDAR_ONLY,MIXED,run01,LIDAR_ONLY,0.12627747654914856,0.35027462244033813,0.2135416716337204,0.21484375,0.2135416716337204,0.0,0.848334014415741,251,936478,16066,3688,32.94041752203037,0,146,0,0,97.066,11.682123184204102,-16.100446701049805,19.890497395202114,EXPLORING
6620.911000,LIDAR_ONLY,MIXED,run01,LIDAR_ONLY,0.12742315232753754,0.3514021337032318,0.21171875298023224,0.21458333730697632,0.21171875298023224,0.0,0.6639590263366699,254,947998,16115,3710,33.29615567266671,0,148,0,0,98.066,11.732293128967285,-16.436941146850586,20.192941743881047,EXPLORING
6621.912000,LIDAR_ONLY,MIXED,run01,LIDAR_ONLY,0.1184808611869812,0.345386803150177,0.21276041865348816,0.21484375,0.21276041865348816,0.0,0.9216970205307007,257,959518,16208,3744,33.67451916404772,0,149,0,0,99.067,11.75234317779541,-16.75877571105957,20.46726930374317,EXPLORING
6622.913000,LIDAR_ONLY,MIXED,run01,LIDAR_ONLY,0.10044516623020172,0.33078768849372864,0.2161458283662796,0.21536459028720856,0.2161458283662796,0.0,0.8020570278167725,260,971038,16524,3871,33.964573237376335,0,151,0,0,100.068,11.693197250366211,-16.97943687438965,20.614736779065677,EXPLORING
6623.911000,LIDAR_ONLY,MIXED,run01,LIDAR_ONLY,0.1225949078798294,0.3481267988681793,0.2174479216337204,0.21692708134651184,0.2174479216337204,0.0,0.8260779976844788,263,982558,16881,3933,34.25211327063818,0,152,0,0,101.066,11.63472843170166,-16.992145538330078,20.592121073349105,EXPLORING
6624.911000,LIDAR_ONLY,MIXED,run01,LIDAR_ONLY,0.1340922713279724,0.35671907663345337,0.21240553259849548,0.21266613900661469,0.21240553259849548,0.0,0.6486709713935852,266,994075,17286,4054,34.36716514886762,0,154,0,0,102.066,11.70314884185791,-16.9854736328125,20.625353043872767,EXPLORING
6625.911000,LIDAR_ONLY,MIXED,run01,LIDAR_ONLY,0.1226169690489769,0.3489722013473511,0.20990873873233795,0.2101694941520691,0.20990873873233795,0.0,1.3508130311965942,269,1005583,17525,4157,34.76172110051138,0,155,0,0,103.066,11.91946792602539,-17.029220581054688,20.784660596675163,EXPLORING
6626.911000,LIDAR_ONLY,MIXED,run01,LIDAR_ONLY,0.12336022406816483,0.34926125407218933,0.21037539839744568,0.21480709314346313,0.21037539839744568,0.0,0.48614999651908875,272,1017091,17831,4207,35.05004604581796,0,155,0,0,104.066,11.920411109924316,-17.003402709960938,20.764054345678993,EXPLORING
6627.911000,LIDAR_ONLY,MIXED,run01,LIDAR_ONLY,0.12791526317596436,0.352183997631073,0.21767465770244598,0.21793535351753235,0.21767465770244598,0.0,0.8952019810676575,274,1024764,18087,4257,35.34966578430019,0,156,0,0,105.066,11.813227653503418,-17.228248596191406,20.887782281318078,EXPLORING
6628.911000,LIDAR_ONLY,MIXED,run01,LIDAR_ONLY,0.12261699885129929,0.3458867371082306,0.21654057502746582,0.2183668166399002,0.21654057502746582,0.0,0.80035400390625,276,1032432,18260,4320,35.61033667518216,0,157,0,0,106.066,11.867679595947266,-17.24010467529297,20.92838488541563,EXPLORING
6629.911000,LIDAR_ONLY,MIXED,run01,LIDAR_ONLY,0.1186688095331192,0.3458750545978546,0.21851368248462677,0.21981747448444366,0.21851368248462677,0.0,1.4581810235977173,278,1040102,18529,4357,35.854386012686646,0,158,0,0,107.066,12.009407997131348,-17.331235885620117,21.083906793131824,EXPLORING
6630.911000,LIDAR_ONLY,MIXED,run01,LIDAR_ONLY,0.12773598730564117,0.3521897494792938,0.21825292706489563,0.2179921716451645,0.21825292706489563,0.0,0.7891600131988525,280,1047772,18684,4384,36.07075255995106,0,159,0,0,108.066,12.181644439697266,-17.407596588134766,21.244987064606946,EXPLORING
6631.911000,LIDAR_ONLY,MIXED,run01,LIDAR_ONLY,0.13430820405483246,0.35634827613830566,0.21874184906482697,0.21874184906482697,0.21874184906482697,0.0,1.5876729488372803,282,1055434,18763,4400,36.45397619614071,0,160,0,0,109.066,12.551671981811523,-17.422334671020508,21.471210600729133,EXPLORING
6632.911000,LIDAR_ONLY,MIXED,run01,LIDAR_ONLY,0.1362328976392746,0.357315331697464,0.21577847003936768,0.21786834299564362,0.21577847003936768,0.0,1.7142250537872314,284,1063094,18995,4434,36.873959969314846,0,161,0,0,110.066,12.916590690612793,-17.45891571044922,21.715911643619766,EXPLORING
6633.911000,LIDAR_ONLY,MIXED,run01,LIDAR_ONLY,0.14151404798030853,0.35876062512397766,0.21475280821323395,0.21318335831165314,0.21475280821323395,0.0,1.0547590255737305,288,1078396,19315,4434,37.28615546267624,0,162,0,0,111.066,13.281806945800781,-17.44378089904785,21.92301895595069,EXPLORING
6634.911000,LIDAR_ONLY,MIXED,run01,LIDAR_ONLY,0.12874735891819,0.3523433208465576,0.2118200808763504,0.2126045972108841,0.2118200808763504,0.0,1.3403370380401611,290,1086043,19446,4499,37.72018194639807,0,162,0,0,112.066,13.659886360168457,-17.406503677368164,22.124732385411267,EXPLORING
6635.911000,LIDAR_ONLY,MIXED,run01,LIDAR_ONLY,0.13328485190868378,0.35590195655822754,0.2077990025281906,0.21277152001857758,0.2077990025281906,0.0,0.8848419785499573,292,1093683,19606,4525,38.06138320002164,0,163,0,0,113.066,13.983906745910645,-17.441272735595703,22.35331896567506,EXPLORING
6636.913000,LIDAR_ONLY,MIXED,run01,LIDAR_ONLY,0.12486020475625992,0.3435235619544983,0.21031953394412994,0.20874804258346558,0.21031953394412994,0.0,0.9022660255432129,294,1101322,19742,4534,38.42580825911548,0,165,0,0,114.068,14.278359413146973,-17.410226821899414,22.514645229214914,EXPLORING
6637.912000,LIDAR_ONLY,MIXED,run01,LIDAR_ONLY,0.11777418851852417,0.34032437205314636,0.214192196726799,0.21026447415351868,0.214192196726799,0.0,1.5645149946212769,296,1108961,19911,4571,38.84131947263644,0,166,0,0,115.067,14.556232452392578,-17.24042510986328,22.561836418687864,EXPLORING
6638.911000,LIDAR_ONLY,MIXED,run01,LIDAR_ONLY,0.12064273655414581,0.34673115611076355,0.21314480900764465,0.21314480900764465,0.21314480900764465,0.0,0.8178489804267883,299,1120415,20144,4610,39.11319471505599,0,168,0,0,116.066,14.773232460021973,-17.20315170288086,22.67412642230837,EXPLORING
6639.913000,LIDAR_ONLY,MIXED,run01,LIDAR_ONLY,0.12687548995018005,0.3507106304168701,0.21325647830963135,0.2095886766910553,0.21325647830963135,0.0,0.7551149725914001,301,1128050,20332,4636,39.372280611508806,0,170,0,0,117.068,14.99367904663086,-17.222457885742188,22.832903901656092,EXPLORING
6640.911000,LIDAR_ONLY,MIXED,run01,LIDAR_ONLY,0.1344008445739746,0.3536011278629303,0.21273250877857208,0.20749279856681824,0.21273250877857208,0.0,1.1932599544525146,303,1135685,20507,4660,39.70426237113572,0,171,0,0,118.066,15.306963920593262,-17.179224014282227,23.007505273245474,EXPLORING
6641.911000,LIDAR_ONLY,MIXED,run01,LIDAR_ONLY,0.13785384595394135,0.35510435700416565,0.2123592495918274,0.21052631735801697,0.2123592495918274,0.0,0.6178770065307617,306,1147139,20701,4693,40.135560585972634,0,172,0,0,119.066,15.68008041381836,-17.13364601135254,23.22372142910475,EXPLORING
6642.911000,LIDAR_ONLY,MIXED,run01,LIDAR_ONLY,0.13869822025299072,0.35489222407341003,0.21263764798641205,0.21106450259685516,0.21263764798641205,0.0,0.9581369757652283,308,1154768,21031,4739,40.55564271294714,0,174,0,0,120.066,16.04014778137207,-17.18017578125,23.50228476280255,EXPLORING
6643.911000,LIDAR_ONLY,MIXED,run01,LIDAR_ONLY,0.13296696543693542,0.35271725058555603,0.21179553866386414,0.21179553866386414,0.21179553866386414,0.0,0.8836849927902222,311,1166214,21239,4799,40.967647015676555,0,175,0,0,121.066,16.40561866760254,-17.131607055664062,23.718073400659797,EXPLORING
6644.911000,LIDAR_ONLY,MIXED,run01,LIDAR_ONLY,0.12462146580219269,0.34909331798553467,0.21293871104717255,0.2139863818883896,0.21293871104717255,0.0,0.5667979717254639,314,1177667,21766,4888,41.286843366076994,0,175,0,0,122.066,16.68944549560547,-17.070531845092773,23.871529285570038,EXPLORING
6645.911000,LIDAR_ONLY,MIXED,run01,LIDAR_ONLY,0.12913890182971954,0.3525190055370331,0.21220853924751282,0.21194656193256378,0.21220853924751282,0.0,7.925364971160889,316,1185298,22128,5036,41.61443885571024,1,176,0,0,123.066,17.00670623779297,-17.05155372619629,24.08092938860511,EXPLORING
6646.912000,LIDAR_ONLY,MIXED,run01,LIDAR_ONLY,0.1304589956998825,0.35123470425605774,0.21200209856033325,0.21200209856033325,0.21200209856033325,0.0,0.8760690093040466,319,1196746,22464,5117,41.739067701502954,1,177,0,0,124.067,16.97235107421875,-17.11202621459961,24.099583500414298,EXPLORING
6647.911000,LIDAR_ONLY,MIXED,run01,LIDAR_ONLY,0.1320093721151352,0.34975215792655945,0.21220853924751282,0.2129945009946823,0.21220853924751282,0.0,0.623540997505188,322,1208195,22848,5117,41.95999680977029,1,179,0,0,125.066,16.870466232299805,-17.149423599243164,24.054597558654912,EXPLORING
6648.912000,LIDAR_ONLY,MIXED,run01,LIDAR_ONLY,0.12130739539861679,0.3461146652698517,0.21168456971645355,0.21587634086608887,0.21168456971645355,0.0,0.8956949710845947,324,1215831,22998,5226,42.32109556890739,1,179,0,0,126.067,16.84278678894043,-17.400606155395508,24.21505623445637,EXPLORING
6649.912000,LIDAR_ONLY,MIXED,run01,LIDAR_ONLY,0.11943592131137848,0.3441829979419708,0.21389253437519073,0.2175622582435608,0.21389253437519073,0.0,0.7918239831924438,327,1227276,23192,5246,42.67824471077448,1,181,0,0,127.067,16.79082679748535,-17.683862686157227,24.38358984217267,EXPLORING
6650.911000,LIDAR_ONLY,MIXED,run01,LIDAR_ONLY,0.12346778810024261,0.3469401001930237,0.21808649599552155,0.21939711272716522,0.21808649599552155,0.0,0.8400279879570007,329,1234908,23290,5269,42.93420705128532,1,183,0,0,128.066,16.75558090209961,-17.87476921081543,24.498277345705837,EXPLORING
6651.913000,LIDAR_ONLY,MIXED,run01,LIDAR_ONLY,0.12262503057718277,0.3481612801551819,0.2169242799282074,0.21797223389148712,0.2169242799282074,0.0,1.7595070600509644,330,1238725,23459,5342,43.22635258701317,1,184,0,0,129.068,16.688047409057617,-18.12224769592285,24.633631623829643,EXPLORING
6652.911000,LIDAR_ONLY,MIXED,run01,LIDAR_ONLY,0.14403687417507172,0.35819950699806213,0.2186107486486435,0.21834862232208252,0.2186107486486435,0.0,1.8639429807662964,335,1257810,23791,5404,43.49679891476605,1,185,0,0,130.066,16.724573135375977,-18.355276107788086,24.83014864051367,EXPLORING
6653.911000,LIDAR_ONLY,MIXED,run01,LIDAR_ONLY,0.14305990934371948,0.35692283511161804,0.2137804627418518,0.21587634086608887,0.2137804627418518,0.0,1.9980909824371338,337,1265442,24005,5478,43.920412416858575,1,186,0,0,131.066,16.872522354125977,-18.654468536376953,25.151126044607828,EXPLORING
6654.911000,LIDAR_ONLY,MIXED,run01,LIDAR_ONLY,0.12274909764528275,0.3509714603424072,0.2139863818883896,0.21477213501930237,0.2139863818883896,0.0,1.6768850088119507,340,1276897,24145,5504,44.24212992029538,1,187,0,0,132.066,16.902944564819336,-18.78278350830078,25.266781296676534,EXPLORING
6655.911000,LIDAR_ONLY,MIXED,run01,LIDAR_ONLY,0.11484325677156448,0.3503594398498535,0.22012577950954437,0.21881552040576935,0.22012577950954437,0.0,0.6672049760818481,341,1280713,24273,5536,44.482907388980166,1,189,0,0,133.066,16.865652084350586,-18.722646713256836,25.197136226025176,EXPLORING
6656.911000,LIDAR_ONLY,MIXED,run01,LIDAR_ONLY,0.09241177886724472,0.3301118016242981,0.2184962034225464,0.2177102416753769,0.2184962034225464,0.0,1.109523057937622,343,1288347,24337,5556,44.88732133720828,1,191,0,0,134.066,16.72835350036621,-18.685575485229492,25.077823226930814,EXPLORING
6657.914000,LIDAR_ONLY,MIXED,run01,LIDAR_ONLY,0.12332402914762497,0.35940060019493103,0.21666230261325836,0.21666230261325836,0.21666230261325836,0.0,0.6903769969940186,346,1299802,24666,5556,45.19587973774718,1,192,0,0,135.069,16.801773071289062,-18.699384689331055,25.137121100670118,EXPLORING
6658.911000,LIDAR_ONLY,MIXED,run01,LIDAR_ONLY,0.13689686357975006,0.3661716878414154,0.2191673219203949,0.22047656774520874,0.2191673219203949,0.0,1.047937035560608,348,1307441,24748,5685,45.407825803195976,1,192,0,0,136.066,16.728588104248047,-18.559326171875,24.984053964108742,EXPLORING
6659.911000,LIDAR_ONLY,MIXED,run01,LIDAR_ONLY,0.1048627570271492,0.3388602137565613,0.2080712765455246,0.21671907603740692,0.2080712765455246,0.0,5.321497917175293,351,1318895,24833,5685,45.82693251932624,1,194,0,0,137.066,16.443675994873047,-18.339359283447266,24.629998291944766,EXPLORING
6660.911000,LIDAR_ONLY,MIXED,run01,LIDAR_ONLY,0.12504777312278748,0.35559821128845215,0.21797223389148712,0.21587634086608887,0.21797223389148712,0.0,1.2808719873428345,354,1330351,25097,5800,46.123679076928674,1,195,0,0,138.066,16.532934188842773,-18.408279418945312,24.7409058195361,EXPLORING
6661.911000,LIDAR_ONLY,MIXED,run01,LIDAR_ONLY,0.1344597041606903,0.3638303875923157,0.21634364128112793,0.2171293944120407,0.21634364128112793,0.0,0.9418709874153137,357,1341809,25218,5800,46.24042634433573,1,196,0,0,139.066,16.55062484741211,-18.477191925048828,24.804020898050297,EXPLORING
6662.911000,LIDAR_ONLY,MIXED,run01,LIDAR_ONLY,0.13491927087306976,0.36441001296043396,0.2166055589914322,0.21817705035209656,0.2166055589914322,0.0,0.6875450015068054,359,1349445,25314,5830,46.44675963021617,1,198,0,0,140.066,16.467863082885742,-18.493345260620117,24.760945214182186,EXPLORING
6663.912000,LIDAR_ONLY,MIXED,run01,LIDAR_ONLY,0.12388375401496887,0.35192450881004333,0.21698112785816193,0.21907757222652435,0.21698112785816193,0.0,0.5696759819984436,361,1357079,25368,5830,46.70088101433465,1,199,0,0,141.067,16.34943389892578,-18.346721649169922,24.57268622952844,EXPLORING
6664.911000,LIDAR_ONLY,MIXED,run01,LIDAR_ONLY,0.13234122097492218,0.35476282238960266,0.22015707194805145,0.21806283295154572,0.22015707194805145,0.0,0.6967359781265259,364,1368535,25413,5851,47.01949680719496,1,201,0,0,142.066,16.132884979248047,-18.13361167907715,24.26952307248451,EXPLORING
6665.912000,LIDAR_ONLY,MIXED,run01,LIDAR_ONLY,0.12961681187152863,0.3492589592933655,0.21928216516971588,0.2169242799282074,0.21928216516971588,0.0,1.2305660247802734,367,1379987,25567,5851,47.4157771752658,1,203,0,0,143.067,15.835732460021973,-17.952342987060547,23.936802787126826,EXPLORING
6666.911000,LIDAR_ONLY,MIXED,run01,LIDAR_ONLY,0.14093874394893646,0.3643046021461487,0.21645702421665192,0.21907757222652435,0.21645702421665192,0.0,0.8575350046157837,370,1391438,25653,5885,47.81292081777124,1,205,0,0,144.066,15.521032333374023,-17.83039093017578,23.63769099050409,EXPLORING
6667.916000,LIDAR_ONLY,MIXED,run01,LIDAR_ONLY,0.12969350814819336,0.3536907434463501,0.22021470963954926,0.21628698706626892,0.22021470963954926,0.0,0.6398569941520691,373,1402894,25727,5891,48.15651569225676,1,206,0,0,145.071,15.195552825927734,-17.842561721801758,23.434561486375205,EXPLORING
6668.911000,LIDAR_ONLY,MIXED,run01,LIDAR_ONLY,0.11448568850755692,0.34492775797843933,0.21366849541664124,0.21576328575611115,0.21366849541664124,0.0,0.7454119920730591,375,1410532,25888,5907,48.55169144708007,1,207,0,0,146.066,14.876138687133789,-17.679899215698242,23.104044533536918,EXPLORING
6669.911000,LIDAR_ONLY,MIXED,run01,LIDAR_ONLY,0.1462942361831665,0.3721822202205658,0.21383647620677948,0.2161949723958969,0.21383647620677948,0.0,8.056947708129883,377,1418167,25949,5910,49.00480231350948,1,209,0,0,147.066,15.014930725097656,-17.83352279663086,23.3109514582173,EXPLORING
6670.912000,LIDAR_ONLY,MIXED,run01,LIDAR_ONLY,0.12925495207309723,0.3546052873134613,0.21570681035518646,0.21753926575183868,0.21570681035518646,0.0,2.1780500411987305,379,1425804,26037,5928,49.30803354124071,1,211,0,0,148.067,15.074430465698242,-17.88198471069336,23.386348333206914,EXPLORING
6671.913000,LIDAR_ONLY,MIXED,run01,LIDAR_ONLY,0.10300184786319733,0.3260107934474945,0.2139863818883896,0.21843896806240082,0.2139863818883896,0.0,1.2412819862365723,382,1437254,26111,5936,49.58866645611586,1,213,0,0,149.068,15.144388198852539,-17.86009407043457,23.414793470699962,EXPLORING
6672.911000,LIDAR_ONLY,MIXED,run01,LIDAR_ONLY,0.10318398475646973,0.328472763299942,0.21550144255161285,0.2168106883764267,0.21550144255161285,0.0,3.0556840896606445,384,1444892,26205,5955,49.94997953486434,1,215,0,0,150.066,15.237611770629883,-17.89422035217285,23.50116042499218,EXPLORING
6673.912000,LIDAR_ONLY,MIXED,run01,LIDAR_ONLY,0.11122170835733414,0.34557005763053894,0.21838177740573883,0.21576328575611115,0.21838177740573883,0.0,1.0699230432510376,386,1452529,26283,5967,50.21289936940827,1,216,0,0,151.067,15.236261367797852,-17.722490310668945,23.369787717889277,EXPLORING
6674.911000,LIDAR_ONLY,MIXED,run01,LIDAR_ONLY,0.11994178593158722,0.35505181550979614,0.21902017295360565,0.21430443227291107,0.21902017295360565,0.0,0.783240020275116,389,1463980,26348,5969,50.55096511426502,1,217,0,0,152.066,15.025195121765137,-17.759052276611328,23.26065709479783,EXPLORING
6675.911000,LIDAR_ONLY,MIXED,run01,LIDAR_ONLY,0.12216803431510925,0.3565525412559509,0.21902017295360565,0.2153523713350296,0.21902017295360565,0.0,0.7584360241889954,391,1471614,26485,6007,50.814208066953285,1,218,0,0,153.066,14.890580177307129,-17.86823272705078,23.257719885869015,EXPLORING
6676.913000,LIDAR_ONLY,MIXED,run01,LIDAR_ONLY,0.12025521695613861,0.3565714657306671,0.22294996678829193,0.22006811201572418,0.22294996678829193,0.0,0.708765983581543,394,1483068,26610,6029,51.098912501983435,1,220,0,0,154.068,14.650487899780273,-17.82646942138672,23.072483181931332,EXPLORING
6677.912000,LIDAR_ONLY,MIXED,run01,LIDAR_ONLY,0.12585555016994476,0.36335593461990356,0.22393923997879028,0.22262965142726898,0.22393923997879028,0.0,0.5825430154800415,397,1494523,26792,6097,51.37388492494419,1,221,0,0,155.067,14.432343482971191,-17.872013092041016,22.97002797165655,EXPLORING
6678.912000,LIDAR_ONLY,MIXED,run01,LIDAR_ONLY,0.1310448795557022,0.3677304685115814,0.21409852802753448,0.2156708538532257,0.21409852802753448,0.0,0.9286350011825562,399,1502156,26835,6101,51.666254556928045,1,223,0,0,156.067,14.153803825378418,-17.846162796020508,22.77581912438804,EXPLORING
6679.911000,LIDAR_ONLY,MIXED,run01,LIDAR_ONLY,0.1284841001033783,0.36563345789909363,0.2148846983909607,0.21829140186309814,0.2148846983909607,0.0,1.1572970151901245,402,1513607,26887,6109,52.09639638605891,1,225,0,0,157.066,13.792694091796875,-17.868803024291992,22.57114639424788,EXPLORING
6680.918000,LIDAR_ONLY,MIXED,run01,LIDAR_ONLY,0.12329349666833878,0.3612864911556244,0.21933962404727936,0.21750524640083313,0.21933962404727936,0.0,0.5600829720497131,404,1521240,26922,6115,52.52204820471385,1,226,0,0,158.073,13.428132057189941,-17.888336181640625,22.36589610288136,EXPLORING
6681.911000,LIDAR_ONLY,MIXED,run01,LIDAR_ONLY,0.12933294475078583,0.36553749442100525,0.21843896806240082,0.21948663890361786,0.21843896806240082,0.0,0.9572510123252869,406,1528874,26951,6117,52.941327789565705,1,227,0,0,159.066,13.086456298828125,-18.00347900390625,22.25552400095513,EXPLORING
6682.917000,LIDAR_ONLY,MIXED,run01,LIDAR_ONLY,0.12653563916683197,0.3614072799682617,0.21838177740573883,0.21838177740573883,0.21838177740573883,0.0,1.8216400146484375,410,1544150,26991,6118,53.340206435535336,1,229,0,0,160.072,12.824671745300293,-18.187578201293945,22.25284871562855,EXPLORING
6683.912000,LIDAR_ONLY,MIXED,run01,LIDAR_ONLY,0.12439898401498795,0.3574387729167938,0.21753926575183868,0.21858638525009155,0.21753926575183868,0.0,0.41761401295661926,413,1555607,27021,6119,53.673701574659184,1,231,0,0,161.067,12.582192420959473,-18.3571720123291,22.253710235640117,EXPLORING
6684.911000,LIDAR_ONLY,MIXED,run01,LIDAR_ONLY,0.12660928070545197,0.35771942138671875,0.21730013191699982,0.21887287497520447,0.21730013191699982,0.0,1.1599949598312378,416,1567054,27050,6119,54.08235033863702,1,233,0,0,162.066,12.260623931884766,-18.50558853149414,22.197108592074237,EXPLORING
6685.911000,LIDAR_ONLY,MIXED,run01,LIDAR_ONLY,0.12445521354675293,0.35748279094696045,0.21671907603740692,0.21855345368385315,0.21671907603740692,0.0,0.849245011806488,419,1578505,27100,6119,54.470571135101174,1,235,0,0,163.066,12.084394454956055,-18.79262351989746,22.341174071822117,EXPLORING
6686.912000,LIDAR_ONLY,MIXED,run01,LIDAR_ONLY,0.11828937381505966,0.35175544023513794,0.21503405272960663,0.2158198058605194,0.21503405272960663,0.0,1.055459976196289,422,1589956,27149,6119,54.748250325583335,1,235,0,0,164.067,12.01071548461914,-19.01430320739746,22.48853293734444,EXPLORING
6687.921000,LIDAR_ONLY,MIXED,run01,LIDAR_ONLY,0.11804695427417755,0.34274840354919434,0.2156708538532257,0.21724317967891693,0.2156708538532257,0.0,2.5015370845794678,424,1597588,27173,6122,55.10853700946429,1,236,0,0,165.076,11.71218490600586,-19.093542098999023,22.39806370254799,EXPLORING
6688.911000,LIDAR_ONLY,MIXED,run01,LIDAR_ONLY,0.12911580502986908,0.3576662540435791,0.22166842222213745,0.21904511749744415,0.22166842222213745,0.0,0.7881690263748169,426,1605217,27187,6122,55.43583251908541,1,238,0,0,166.066,11.496346473693848,-19.125032424926758,22.312969177743348,EXPLORING
6689.912000,LIDAR_ONLY,MIXED,run01,LIDAR_ONLY,0.1124766394495964,0.3412799835205078,0.2209668904542923,0.22070415318012238,0.2209668904542923,0.0,6.690715789794922,428,1612832,27371,6122,55.63333193077323,1,240,0,0,167.067,11.577021598815918,-19.095905303955078,22.329719264059868,EXPLORING
6690.915000,LIDAR_ONLY,MIXED,run01,LIDAR_ONLY,0.09900317341089249,0.32572081685066223,0.2140047252178192,0.21584054827690125,0.2140047252178192,0.0,0.8649190068244934,431,1624264,27581,6194,55.82911245487772,1,241,0,0,168.070,11.616974830627441,-19.05294418334961,22.31376084185948,EXPLORING
6691.913000,LIDAR_ONLY,MIXED,run01,LIDAR_ONLY,0.11338435858488083,0.34499314427375793,0.21269342303276062,0.21610280871391296,0.21269342303276062,0.0,0.8966559767723083,433,1631888,27708,6194,55.92473967066067,1,242,0,0,169.068,11.700301170349121,-19.04558563232422,22.350975038029564,EXPLORING
6692.911000,LIDAR_ONLY,MIXED,run01,LIDAR_ONLY,0.1261543333530426,0.3515077829360962,0.21211326122283936,0.21447299420833588,0.21211326122283936,0.0,1.0382909774780273,435,1639515,27766,6261,56.16854282171956,1,242,0,0,170.066,11.812202453613281,-18.862686157226562,22.254510189226284,EXPLORING
6693.911000,LIDAR_ONLY,MIXED,run01,LIDAR_ONLY,0.12775388360023499,0.3518233597278595,0.2134242206811905,0.21525956690311432,0.2134242206811905,0.0,1.0492719411849976,436,1643329,27868,6281,56.52839979405243,1,244,0,0,171.066,12.004926681518555,-18.606109619140625,22.14133708043913,EXPLORING
6694.911000,LIDAR_ONLY,MIXED,run01,LIDAR_ONLY,0.1338799148797989,0.35523074865341187,0.22003671526908875,0.22029897570610046,0.22003671526908875,0.0,1.0011049509048462,438,1650955,27925,6293,56.78595454893688,1,246,0,0,172.066,12.106073379516602,-18.42558479309082,22.045224724387875,EXPLORING
6695.914000,LIDAR_ONLY,MIXED,run01,LIDAR_ONLY,0.12706319987773895,0.34733882546424866,0.2174711376428604,0.21642182767391205,0.2174711376428604,0.0,1.3147649765014648,440,1658577,28011,6308,57.18970637183386,1,247,0,0,173.069,12.313766479492188,-18.153566360473633,21.93427792252396,EXPLORING
6696.915000,LIDAR_ONLY,MIXED,run01,LIDAR_ONLY,0.1294156014919281,0.35250163078308105,0.21960167586803436,0.21960167586803436,0.21960167586803436,0.0,2.9631550312042236,443,1670021,28065,6313,57.52890067533846,1,247,0,0,174.070,12.58515453338623,-18.037830352783203,21.992721247824143,EXPLORING
6697.911000,LIDAR_ONLY,MIXED,run01,LIDAR_ONLY,0.13155195116996765,0.35540905594825745,0.21808649599552155,0.21677587926387787,0.21808649599552155,0.0,1.0492730140686035,446,1681471,28106,6318,57.865355156460105,1,249,0,0,175.066,12.849499702453613,-17.992820739746094,22.108374610200485,EXPLORING
6698.911000,LIDAR_ONLY,MIXED,run01,LIDAR_ONLY,0.13082055747509003,0.3544674217700958,0.2139863818883896,0.2145102173089981,0.2139863818883896,0.0,1.7688870429992676,449,1692927,28195,6318,58.32805404967374,1,250,0,0,176.066,13.214006423950195,-17.986461639404297,22.31703079462213,EXPLORING
6699.911000,LIDAR_ONLY,MIXED,run01,LIDAR_ONLY,0.1310705840587616,0.35592538118362427,0.2146596908569336,0.21204188466072083,0.2146596908569336,0.0,0.5233809947967529,452,1704385,28214,6335,58.55567096421932,1,250,0,0,177.066,13.400253295898438,-18.04989242553711,22.478690307308604,EXPLORING
6700.911000,LIDAR_ONLY,MIXED,run01,LIDAR_ONLY,0.12607762217521667,0.3514438271522522,0.21282722055912018,0.2117801010608673,0.21282722055912018,0.0,1.3168489933013916,455,1715842,28235,6335,59.04150382465073,1,252,0,0,178.066,13.769865989685059,-17.91961669921875,22.597479864395126,EXPLORING
6701.912000,LIDAR_ONLY,MIXED,run01,LIDAR_ONLY,0.13054172694683075,0.3568103611469269,0.20571279525756836,0.20990565419197083,0.20571279525756836,0.0,1.2509440183639526,458,1727296,28266,6342,59.31323283366604,1,254,0,0,179.067,13.925883293151855,-17.883607864379883,22.664445242733095,EXPLORING
6702.911000,LIDAR_ONLY,MIXED,run01,LIDAR_ONLY,0.14010637998580933,0.36331841349601746,0.2130890041589737,0.21230366826057434,0.2130890041589737,0.0,0.9676240086555481,461,1738751,28286,6342,59.720442505117774,1,255,0,0,180.066,14.283121109008789,-17.8969783782959,22.896090221908505,EXPLORING
6703.911000,LIDAR_ONLY,MIXED,run01,LIDAR_ONLY,0.14060604572296143,0.3624013662338257,0.2144540399312973,0.21157370507717133,0.2144540399312973,0.0,0.7167400121688843,463,1746390,28367,6375,60.108434280468344,1,256,0,0,181.066,14.600468635559082,-17.90178871154785,23.099083050629662,EXPLORING
6704.911000,LIDAR_ONLY,MIXED,run01,LIDAR_ONLY,0.13384497165679932,0.3512449264526367,0.21273250877857208,0.21351847052574158,0.21273250877857208,0.0,0.5047900080680847,466,1757846,28384,6375,60.54260967847964,1,257,0,0,182.066,14.894305229187012,-18.064716339111328,23.411378730706918,EXPLORING
6705.918000,LIDAR_ONLY,MIXED,run01,LIDAR_ONLY,0.1366395354270935,0.3525041937828064,0.21204188466072083,0.21387434005737305,0.21204188466072083,0.0,0.6130679845809937,468,1765485,28391,6375,60.832373851729876,1,259,0,0,183.073,15.121851921081543,-18.17866325378418,23.644266612562628,EXPLORING
6706.912000,LIDAR_ONLY,MIXED,run01,LIDAR_ONLY,0.1334647685289383,0.34758085012435913,0.2145102173089981,0.21162912249565125,0.2145102173089981,0.0,0.9701070189476013,471,1776939,28405,6376,61.23485952143718,1,260,0,0,184.067,15.461576461791992,-18.189821243286133,23.871433069819123,EXPLORING
6707.911000,LIDAR_ONLY,MIXED,run01,LIDAR_ONLY,0.13200296461582184,0.34069913625717163,0.2095886766910553,0.21718627214431763,0.2095886766910553,0.0,1.2311650514602661,474,1788393,28422,6376,61.634761634725834,1,262,0,0,185.066,15.782561302185059,-18.316774368286133,24.17658247969423,EXPLORING
6708.912000,LIDAR_ONLY,MIXED,run01,LIDAR_ONLY,0.13284358382225037,0.3440636992454529,0.21099476516246796,0.21544502675533295,0.21099476516246796,0.0,0.8719130158424377,475,1792213,28432,6378,62.02402224970129,1,264,0,0,186.067,16.042409896850586,-18.549999237060547,24.522921069002965,EXPLORING
6709.911000,LIDAR_ONLY,MIXED,run01,LIDAR_ONLY,0.13910046219825745,0.3521329164505005,0.2120974063873291,0.214192196726799,0.2120974063873291,0.0,1.0130380392074585,479,1807484,28496,6386,62.3914884479819,2,265,0,0,187.066,16.35605812072754,-18.689971923828125,24.834377305571227,EXPLORING
6710.942000,LIDAR_ONLY,MIXED,run01,LIDAR_ONLY,0.14459942281246185,0.36415162682533264,0.22059208154678345,0.22006811201572418,0.22059208154678345,0.0,0.8118600249290466,481,1815121,28536,6391,62.53190093658564,2,266,0,0,188.097,16.469310760498047,-18.697107315063477,24.914454385835082,EXPLORING
6711.911000,LIDAR_ONLY,MIXED,run01,LIDAR_ONLY,0.1463070511817932,0.3665952980518341,0.21838177740573883,0.2215239554643631,0.21838177740573883,0.0,0.9655640125274658,483,1822758,28560,6394,62.9209972418211,2,267,0,0,189.066,16.818309783935547,-18.643720626831055,25.106813443377437,EXPLORING
6712.911000,LIDAR_ONLY,MIXED,run01,LIDAR_ONLY,0.13934220373630524,0.36357855796813965,0.2162303626537323,0.21832460165023804,0.2162303626537323,0.0,0.6493589878082275,486,1834211,28624,6394,63.3258010596248,2,268,0,0,190.066,17.093564987182617,-18.52305030822754,25.203177859417792,EXPLORING
6713.911000,LIDAR_ONLY,MIXED,run01,LIDAR_ONLY,0.11795598268508911,0.34752151370048523,0.2118910402059555,0.2132006287574768,0.2118910402059555,0.0,0.5239130258560181,489,1845666,28650,6402,63.64798677538477,2,269,0,0,191.066,17.186613082885742,-18.405004501342773,25.179956756678877,EXPLORING
6714.911000,LIDAR_ONLY,MIXED,run01,LIDAR_ONLY,0.13799096643924713,0.3503941595554352,0.20947891473770142,0.21366849541664124,0.20947891473770142,0.0,0.9550219774246216,490,1849485,28663,6402,63.918170928993455,2,271,0,0,192.066,17.1092586517334,-18.565385818481445,25.244940248292124,EXPLORING
6715.911000,LIDAR_ONLY,MIXED,run01,LIDAR_ONLY,0.1325867623090744,0.3421453535556793,0.20989270508289337,0.2140800803899765,0.20989270508289337,0.0,0.9743599891662598,493,1860943,28706,6406,64.24244263568717,2,273,0,0,193.066,17.316099166870117,-18.68383026123047,25.472307061430946,EXPLORING
6716.911000,LIDAR_ONLY,MIXED,run01,LIDAR_ONLY,0.13983938097953796,0.36211636662483215,0.20964360237121582,0.2156708538532257,0.20964360237121582,0.0,0.7454670071601868,496,1872399,28817,6413,64.39698075024516,2,274,0,0,194.066,17.31922149658203,-18.64344024658203,25.444820972257858,EXPLORING
6717.911000,LIDAR_ONLY,MIXED,run01,LIDAR_ONLY,0.13573366403579712,0.3628075420856476,0.21288295090198517,0.2165488302707672,0.21288295090198517,0.0,0.6779040098190308,498,1880038,28842,6413,64.67605002784416,2,276,0,0,195.066,17.369970321655273,-18.569046020507812,25.42500167218289,EXPLORING
6718.911000,LIDAR_ONLY,MIXED,run01,LIDAR_ONLY,0.1313125044107437,0.35790637135505676,0.21497774124145508,0.21628698706626892,0.21497774124145508,0.0,0.8813409805297852,500,1887674,28860,6429,65.03577507768175,2,277,0,0,196.066,17.60263442993164,-18.36594009399414,25.437466564479877,EXPLORING
6719.911000,LIDAR_ONLY,MIXED,run01,LIDAR_ONLY,0.12087666988372803,0.3338736295700073,0.2092718631029129,0.21162912249565125,0.2092718631029129,0.0,0.8542699813842773,503,1899133,28919,6429,65.59418988085753,2,278,0,0,197.066,17.318880081176758,-18.43134880065918,25.289600529376248,EXPLORING
6720.911000,LIDAR_ONLY,MIXED,run01,LIDAR_ONLY,0.14071358740329742,0.3510091304779053,0.2115183174610138,0.21099476516246796,0.2115183174610138,0.0,9.894613265991211,506,1910591,28937,6445,66.08368755988062,2,279,0,0,198.066,17.40839385986328,-18.307619094848633,25.261162428927207,EXPLORING
6721.913000,LIDAR_ONLY,MIXED,run01,LIDAR_ONLY,0.1441105306148529,0.3633946180343628,0.20633673667907715,0.2147158980369568,0.20633673667907715,0.0,4.371385097503662,509,1922043,29120,6445,66.35853447871011,2,281,0,0,199.068,17.406295776367188,-18.276897430419922,25.23745954132387,EXPLORING
6722.921000,LIDAR_ONLY,MIXED,run01,LIDAR_ONLY,0.1273830235004425,0.35658687353134155,0.22047656774520874,0.2189054787158966,0.22047656774520874,0.0,0.9310050010681152,512,1933496,29435,6600,66.72278129525812,2,283,0,0,200.076,17.431575775146484,-18.195919036865234,25.196357739230546,EXPLORING
6723.911000,LIDAR_ONLY,MIXED,run01,LIDAR_ONLY,0.14295653998851776,0.36425334215164185,0.21555788815021515,0.2118910402059555,0.21555788815021515,0.0,0.7891139984130859,515,1944950,29655,6671,67.06182188688513,2,285,0,0,201.066,17.700801849365234,-18.036876678466797,25.269568370475326,EXPLORING
6724.918000,LIDAR_ONLY,MIXED,run01,LIDAR_ONLY,0.14070236682891846,0.3622589707374573,0.21084336936473846,0.21293871104717255,0.21084336936473846,0.0,2.147196054458618,518,1956405,29679,6677,67.47876518932412,2,285,0,0,202.073,18.05021095275879,-17.97535514831543,25.47205306157059,EXPLORING
6725.911000,LIDAR_ONLY,MIXED,run01,LIDAR_ONLY,0.14078190922737122,0.36423057317733765,0.21042977273464203,0.21278825402259827,0.21042977273464203,0.0,6.505134105682373,521,1967855,29711,6680,67.90648435759812,2,286,0,0,203.066,18.39527702331543,-17.870622634887695,25.64460141632695,EXPLORING
6726.912000,LIDAR_ONLY,MIXED,run01,LIDAR_ONLY,0.12232609838247299,0.34945887327194214,0.21105001866817474,0.2118355631828308,0.21105001866817474,0.0,6.942046165466309,523,1975490,29731,6683,68.25089684333909,2,288,0,0,204.067,18.523242950439453,-17.673267364501953,25.59989263087946,EXPLORING
6727.917000,LIDAR_ONLY,MIXED,run01,LIDAR_ONLY,0.1048932746052742,0.3319385349750519,0.21194656193256378,0.21666230261325836,0.21194656193256378,0.0,0.8221150040626526,525,1983125,29743,6683,68.68848813725879,2,289,0,0,205.072,18.49748992919922,-17.60910415649414,25.536981534078045,EXPLORING
6728.917000,LIDAR_ONLY,MIXED,run01,LIDAR_ONLY,0.11186102777719498,0.3343212306499481,0.21220853924751282,0.21168456971645355,0.21220853924751282,0.0,1.1668150424957275,529,1998394,29778,6692,68.94242910576378,2,290,0,0,206.072,18.41718864440918,-17.677370071411133,25.526112004085714,EXPLORING
6729.911000,LIDAR_ONLY,MIXED,run01,LIDAR_ONLY,0.12298838049173355,0.34879595041275024,0.21368642151355743,0.2113266885280609,0.21368642151355743,0.0,2.020009994506836,531,2006025,29806,6692,69.2177046317614,2,291,0,0,207.066,18.41261863708496,-17.767330169677734,25.58520456456508,EXPLORING
6730.911000,LIDAR_ONLY,MIXED,run01,LIDAR_ONLY,0.14236591756343842,0.36988022923469543,0.22760607302188873,0.22498691082000732,0.22760607302188873,0.0,1.1313610076904297,533,2013660,29831,6694,69.46080835922541,2,293,0,0,208.066,18.302583694458008,-17.831636428833008,25.550979042307574,EXPLORING
